"order_id","customer_id","sector_id","planned_delivery_duration"
"0","116","1","176"
"1","160","1","169"
"2","94","2","177"
"3","165","3","176"
"4","78","2","177"
"5","77","2","176"
"6","289","2","177"
"7","179","3","175"
"8","274","1","177"
"9","20","3","179"
"10","195","2","179"
"11","106","3","200"
"12","186","2","200"
"13","106","2","175"
"14","245","3","180"
"15","53","3","179"
"16","124","1","175"
"17","305","2","175"
"18","121","1","200"
"19","219","3","176"
"20","10","1","178"
"21","61","1","178"
"22","227","1","177"
"23","191","2","176"
"24","72","2","177"
"25","116","3","180"
"26","276","2","178"
"27","141","2","200"
"28","299","2","175"
"29","21","1","178"
"30","99","1","178"
"31","12","2","175"
"32","213","2","177"
"33","254","1","177"
"34","227","2","176"
"35","40","1","178"
"36","128","3","175"
"37","259","2","175"
"38","45","1","178"
"39","6","1","177"
"40","149","1","177"
"41","257","2","169"
"42","201","1","179"
"43","63","2","176"
"44","199","2","176"
"45","139","2","177"
"46","9","1","175"
"47","106","3","175"
"48","308","3","176"
"49","14","3","176"
"50","247","3","179"
"51","45","1","178"
"52","146","3","176"
"53","129","3","177"
"54","219","2","177"
"55","138","1","175"
"56","75","3","170"
"57","227","3","179"
"58","278","2","179"
"59","59","2","178"
"60","98","3","180"
"61","172","1","180"
"62","208","3","176"
"63","228","2","177"
"64","79","3","200"
"65","114","3","175"
"66","239","1","179"
"67","106","3","176"
"68","145","1","200"
"69","160","1","176"
"70","219","2","170"
"71","252","2","176"
"72","234","1","176"
"73","118","3","179"
"74","179","2","176"
"75","218","2","177"
"76","311","2","176"
"77","161","1","176"
"78","229","2","175"
"79","97","2","175"
"80","268","1","178"
"81","156","3","176"
"82","174","1","177"
"83","226","3","176"
"84","111","3","175"
"85","158","1","175"
"86","118","2","177"
"87","149","3","175"
"88","225","3","177"
"89","46","1","169"
"90","249","1","175"
"91","64","1","175"
"92","173","3","176"
"93","318","1","177"
"94","273","1","177"
"95","174","1","177"
"96","284","2","175"
"97","299","3","175"
"98","215","2","169"
"99","173","2","170"
"100","231","3","180"
"101","124","2","175"
"102","319","3","177"
"103","153","2","169"
"104","260","1","176"
"105","5","3","176"
"106","277","1","200"
"107","132","1","177"
"108","5","3","175"
"109","116","3","176"
"110","23","1","176"
"111","120","1","177"
"112","253","2","176"
"113","183","2","177"
"114","292","2","176"
"115","308","3","176"
"116","7","2","175"
"117","116","3","177"
"118","22","1","175"
"119","236","1","180"
"120","178","1","176"
"121","93","3","180"
"122","117","1","176"
"123","121","3","178"
"124","193","2","176"
"125","235","3","178"
"126","106","2","178"
"127","148","1","177"
"128","194","1","175"
"129","309","1","175"
"130","86","2","177"
"131","209","3","177"
"132","274","2","175"
"133","250","1","177"
"134","153","3","170"
"135","204","1","175"
"136","206","1","200"
"137","287","1","176"
"138","203","1","176"
"139","108","3","179"
"140","169","3","177"
"141","201","3","180"
"142","308","3","176"
"143","164","1","176"
"144","110","2","176"
"145","228","3","177"
"146","170","3","176"
"147","13","2","176"
"148","234","3","178"
"149","42","3","169"
"150","124","1","176"
"151","156","1","175"
"152","278","1","200"
"153","143","2","177"
"154","97","2","170"
"155","210","2","176"
"156","270","2","175"
"157","142","2","176"
"158","136","2","177"
"159","26","1","175"
"160","304","1","178"
"161","162","1","178"
"162","113","1","178"
"163","98","1","170"
"164","197","1","176"
"165","241","3","179"
"166","187","3","177"
"167","264","1","175"
"168","56","1","177"
"169","201","3","175"
"170","24","1","178"
"171","260","1","175"
"172","87","2","176"
"173","98","2","176"
"174","279","2","177"
"175","198","2","176"
"176","248","3","179"
"177","144","1","177"
"178","220","1","177"
"179","18","2","180"
"180","264","2","176"
"181","170","3","176"
"182","298","1","177"
"183","174","1","175"
"184","264","1","175"
"185","72","2","170"
"186","50","2","169"
"187","0","3","176"
"188","208","2","176"
"189","88","3","177"
"190","223","1","176"
"191","309","1","176"
"192","278","1","169"
"193","154","2","169"
"194","290","3","178"
"195","15","2","176"
"196","308","2","179"
"197","114","1","176"
"198","131","3","177"
"199","32","3","178"
"200","293","1","176"
"201","179","3","176"
"202","245","1","178"
"203","90","1","179"
"204","167","1","177"
"205","122","2","179"
"206","47","3","176"
"207","10","2","176"
"208","2","2","176"
"209","106","3","178"
"210","212","1","178"
"211","176","3","179"
"212","161","2","169"
"213","190","3","175"
"214","94","2","177"
"215","151","1","176"
"216","123","2","176"
"217","170","2","176"
"218","302","3","179"
"219","32","1","177"
"220","294","1","178"
"221","29","2","177"
"222","257","3","176"
"223","297","1","177"
"224","284","3","176"
"225","126","3","178"
"226","290","1","179"
"227","62","1","176"
"228","282","1","178"
"229","272","1","169"
"230","236","3","180"
"231","152","3","170"
"232","271","3","170"
"233","97","1","177"
"234","268","1","176"
"235","37","2","178"
"236","255","2","176"
"237","183","2","170"
"238","27","2","176"
"239","136","2","176"
"240","275","1","175"
"241","310","3","177"
"242","30","2","178"
"243","250","3","176"
"244","317","3","176"
"245","153","3","175"
"246","29","1","175"
"247","251","2","175"
"248","101","2","175"
"249","42","3","175"
"250","273","1","176"
"251","268","3","175"
"252","167","3","177"
"253","59","3","175"
"254","87","3","178"
"255","226","3","200"
"256","127","2","176"
"257","222","3","176"
"258","63","1","176"
"259","99","2","175"
"260","280","2","179"
"261","265","3","179"
"262","49","1","176"
"263","108","3","176"
"264","112","2","175"
"265","251","3","180"
"266","138","2","176"
"267","248","2","177"
"268","95","1","176"
"269","64","1","175"
"270","195","1","177"
"271","200","2","177"
"272","146","3","175"
"273","304","2","175"
"274","292","1","170"
"275","39","1","175"
"276","182","3","180"
"277","175","2","177"
"278","71","2","169"
"279","63","2","175"
"280","69","2","176"
"281","98","1","179"
"282","266","3","175"
"283","280","1","176"
"284","253","2","177"
"285","258","3","176"
"286","5","1","177"
"287","74","3","175"
"288","272","3","176"
"289","71","2","176"
"290","8","1","176"
"291","136","2","177"
"292","263","1","200"
"293","32","1","177"
"294","195","1","177"
"295","318","3","177"
"296","21","1","177"
"297","75","1","175"
"298","170","1","176"
"299","207","2","176"
"300","241","3","177"
"301","71","1","175"
"302","42","1","178"
"303","318","3","178"
"304","64","2","176"
"305","226","3","177"
"306","163","2","176"
"307","145","1","176"
"308","57","2","177"
"309","274","3","170"
"310","256","2","178"
"311","276","3","169"
"312","317","3","178"
"313","65","1","177"
"314","120","2","175"
"315","171","1","177"
"316","154","3","176"
"317","52","3","175"
"318","181","3","176"
"319","269","1","177"
"320","191","2","175"
"321","305","3","177"
"322","256","2","178"
"323","111","2","175"
"324","56","2","177"
"325","275","2","175"
"326","254","2","175"
"327","201","2","175"
"328","222","1","177"
"329","306","1","176"
"330","9","2","179"
"331","272","3","178"
"332","212","3","200"
"333","147","3","178"
"334","87","1","176"
"335","90","1","177"
"336","79","1","175"
"337","163","3","178"
"338","261","3","176"
"339","88","2","176"
"340","257","1","177"
"341","284","2","177"
"342","260","3","177"
"343","194","3","176"
"344","260","3","178"
"345","75","3","176"
"346","95","1","176"
"347","133","2","178"
"348","108","2","180"
"349","230","2","176"
"350","161","3","177"
"351","176","2","175"
"352","208","3","175"
"353","154","3","175"
"354","294","3","177"
"355","316","2","175"
"356","225","2","178"
"357","35","3","175"
"358","317","2","176"
"359","220","1","177"
"360","178","3","176"
"361","223","1","176"
"362","135","1","175"
"363","276","2","175"
"364","171","3","176"
"365","312","3","178"
"366","15","2","176"
"367","136","3","179"
"368","155","1","177"
"369","91","2","176"
"370","84","2","179"
"371","278","1","177"
"372","46","1","178"
"373","170","3","176"
"374","276","2","177"
"375","237","1","178"
"376","255","2","179"
"377","25","1","177"
"378","38","3","175"
"379","108","1","176"
"380","140","2","179"
"381","90","3","178"
"382","77","3","175"
"383","311","1","177"
"384","105","1","179"
"385","65","3","176"
"386","287","2","177"
"387","74","2","175"
"388","113","2","175"
"389","173","1","176"
"390","301","2","170"
"391","155","1","176"
"392","252","1","177"
"393","57","3","179"
"394","122","2","169"
"395","206","3","176"
"396","267","1","175"
"397","11","3","176"
"398","225","1","176"
"399","219","1","177"
"400","8","3","170"
"401","314","3","177"
"402","123","2","175"
"403","241","3","175"
"404","57","1","178"
"405","25","3","175"
"406","231","3","169"
"407","89","1","176"
"408","94","2","176"
"409","10","1","176"
"410","260","2","178"
"411","133","3","175"
"412","111","3","176"
"413","226","3","177"
"414","6","2","175"
"415","262","2","180"
"416","101","3","177"
"417","71","3","175"
"418","113","3","177"
"419","222","1","177"
"420","53","2","175"
"421","7","3","175"
"422","140","2","176"
"423","262","1","175"
"424","229","3","179"
"425","248","2","178"
"426","160","3","176"
"427","91","3","177"
"428","16","1","176"
"429","93","3","170"
"430","131","1","175"
"431","167","2","169"
"432","274","3","175"
"433","286","2","175"
"434","247","2","177"
"435","224","3","175"
"436","54","3","180"
"437","265","2","177"
"438","11","2","175"
"439","136","2","175"
"440","172","2","180"
"441","12","2","175"
"442","266","3","175"
"443","296","3","175"
"444","287","2","177"
"445","132","3","177"
"446","54","1","176"
"447","61","1","175"
"448","26","2","177"
"449","248","3","176"
"450","274","1","176"
"451","115","1","176"
"452","259","3","175"
"453","199","3","176"
"454","129","2","175"
"455","315","2","200"
"456","216","2","175"
"457","260","2","176"
"458","219","3","179"
"459","29","3","176"
"460","14","1","170"
"461","253","2","177"
"462","285","3","200"
"463","2","1","177"
"464","10","3","176"
"465","258","1","177"
"466","71","2","175"
"467","284","3","176"
"468","47","3","178"
"469","38","2","176"
"470","201","3","177"
"471","250","3","177"
"472","42","2","177"
"473","255","2","176"
"474","97","2","177"
"475","138","1","176"
"476","242","3","177"
"477","119","1","176"
"478","59","2","177"
"479","25","1","170"
"480","106","3","175"
"481","290","2","176"
"482","114","3","176"
"483","164","3","176"
"484","178","1","177"
"485","286","1","180"
"486","204","2","177"
"487","122","2","177"
"488","289","3","179"
"489","205","1","176"
"490","248","2","177"
"491","312","3","177"
"492","124","3","170"
"493","107","3","177"
"494","155","1","176"
"495","90","1","175"
"496","56","2","179"
"497","28","1","176"
"498","185","2","176"
"499","195","1","169"
"500","14","1","178"
"501","8","3","177"
"502","101","2","176"
"503","271","3","175"
"504","279","2","177"
"505","125","3","176"
"506","65","2","176"
"507","14","3","176"
"508","270","2","178"
"509","136","2","177"
"510","37","1","176"
"511","143","2","176"
"512","218","1","178"
"513","34","3","178"
"514","87","3","176"
"515","295","1","176"
"516","175","2","176"
"517","252","1","176"
"518","308","2","180"
"519","110","2","170"
"520","218","3","200"
"521","279","1","175"
"522","71","3","175"
"523","100","1","176"
"524","181","2","200"
"525","155","1","176"
"526","122","2","177"
"527","90","3","176"
"528","285","2","177"
"529","234","2","175"
"530","204","1","177"
"531","199","1","177"
"532","196","3","177"
"533","163","2","176"
"534","238","2","178"
"535","259","2","176"
"536","271","1","177"
"537","45","1","176"
"538","258","3","177"
"539","281","2","179"
"540","52","2","170"
"541","40","1","175"
"542","111","3","179"
"543","229","3","177"
"544","11","3","178"
"545","41","1","176"
"546","254","3","169"
"547","195","2","175"
"548","122","3","177"
"549","91","1","177"
"550","177","3","175"
"551","166","1","177"
"552","216","2","180"
"553","146","3","177"
"554","190","1","175"
"555","75","3","176"
"556","197","3","177"
"557","245","3","179"
"558","95","1","177"
"559","177","2","178"
"560","47","3","176"
"561","280","3","176"
"562","252","2","177"
"563","177","3","175"
"564","6","2","175"
"565","88","3","178"
"566","146","2","180"
"567","90","1","177"
"568","274","3","177"
"569","296","3","176"
"570","263","2","180"
"571","114","1","178"
"572","11","2","176"
"573","28","2","176"
"574","162","3","175"
"575","297","3","175"
"576","311","2","176"
"577","156","3","179"
"578","116","1","178"
"579","284","3","180"
"580","29","3","179"
"581","120","3","170"
"582","12","3","176"
"583","139","1","175"
"584","258","1","175"
"585","103","1","175"
"586","86","2","176"
"587","134","3","180"
"588","221","2","175"
"589","312","1","175"
"590","309","3","176"
"591","18","1","175"
"592","133","1","177"
"593","3","3","175"
"594","197","2","177"
"595","254","1","178"
"596","222","3","175"
"597","267","1","176"
"598","311","3","176"
"599","18","3","177"
"600","159","3","178"
"601","140","3","169"
"602","120","3","175"
"603","251","2","170"
"604","242","2","176"
"605","202","2","175"
"606","2","2","177"
"607","118","3","179"
"608","46","3","178"
"609","301","1","179"
"610","73","3","175"
"611","57","2","176"
"612","222","1","176"
"613","199","3","176"
"614","280","1","180"
"615","47","3","175"
"616","166","3","178"
"617","256","3","175"
"618","287","1","177"
"619","233","2","177"
"620","26","3","176"
"621","294","3","179"
"622","35","3","177"
"623","307","1","178"
"624","208","2","176"
"625","230","2","177"
"626","130","2","175"
"627","192","1","200"
"628","197","3","177"
"629","124","1","176"
"630","303","1","176"
"631","129","1","177"
"632","258","1","177"
"633","280","2","180"
"634","283","1","175"
"635","29","3","177"
"636","10","1","177"
"637","74","3","176"
"638","198","3","179"
"639","174","2","169"
"640","108","2","176"
"641","161","2","200"
"642","222","3","177"
"643","229","1","169"
"644","262","2","175"
"645","272","2","175"
"646","272","3","179"
"647","85","2","176"
"648","111","1","176"
"649","7","2","175"
"650","58","3","175"
"651","73","2","176"
"652","113","3","176"
"653","128","1","176"
"654","28","3","176"
"655","219","1","176"
"656","257","2","180"
"657","39","3","177"
"658","189","1","200"
"659","163","2","178"
"660","196","2","200"
"661","145","1","176"
"662","46","3","170"
"663","123","3","179"
"664","152","1","175"
"665","40","2","170"
"666","27","1","180"
"667","109","3","175"
"668","318","2","178"
"669","228","3","177"
"670","32","2","200"
"671","6","3","175"
"672","7","3","176"
"673","61","2","178"
"674","259","1","179"
"675","63","1","170"
"676","147","1","177"
"677","109","3","180"
"678","225","2","175"
"679","261","1","177"
"680","287","1","179"
"681","60","3","177"
"682","93","1","200"
"683","173","3","176"
"684","284","1","176"
"685","266","1","177"
"686","84","1","177"
"687","153","2","175"
"688","158","2","175"
"689","254","2","169"
"690","49","3","176"
"691","284","2","176"
"692","172","3","176"
"693","215","2","176"
"694","172","3","177"
"695","138","1","175"
"696","262","3","175"
"697","133","1","176"
"698","118","3","177"
"699","227","3","175"
"700","204","2","179"
"701","143","3","175"
"702","158","1","176"
"703","50","2","175"
"704","289","1","176"
"705","228","1","179"
"706","70","3","175"
"707","264","2","176"
"708","103","2","170"
"709","65","2","175"
"710","125","1","176"
"711","113","1","178"
"712","182","1","177"
"713","32","3","175"
"714","94","3","177"
"715","26","2","177"
"716","79","2","200"
"717","279","3","175"
"718","270","1","176"
"719","40","1","177"
"720","225","3","175"
"721","25","2","177"
"722","130","1","177"
"723","14","1","175"
"724","301","2","176"
"725","226","1","175"
"726","268","2","175"
"727","18","3","176"
"728","117","1","178"
"729","122","3","176"
"730","297","1","175"
"731","124","1","169"
"732","110","2","176"
"733","200","1","177"
"734","251","2","177"
"735","283","1","170"
"736","280","3","177"
"737","116","1","169"
"738","59","1","178"
"739","123","1","178"
"740","76","1","175"
"741","65","2","176"
"742","237","1","177"
"743","3","2","176"
"744","144","1","178"
"745","134","1","176"
"746","230","1","176"
"747","151","3","177"
"748","256","2","180"
"749","237","1","176"
"750","48","3","176"
"751","298","2","169"
"752","72","2","175"
"753","227","2","175"
"754","189","2","179"
"755","64","1","170"
"756","40","2","175"
"757","119","1","178"
"758","267","3","170"
"759","144","1","175"
"760","9","3","169"
"761","120","2","180"
"762","44","3","180"
"763","314","2","180"
"764","257","2","178"
"765","147","1","179"
"766","14","1","175"
"767","141","1","176"
"768","14","2","176"
"769","7","2","169"
"770","201","1","175"
"771","131","1","175"
"772","26","3","176"
"773","312","1","176"
"774","98","3","170"
"775","55","2","175"
"776","290","3","177"
"777","110","3","176"
"778","263","2","176"
"779","113","3","179"
"780","189","2","178"
"781","67","2","176"
"782","246","1","169"
"783","152","2","178"
"784","93","1","177"
"785","79","2","176"
"786","171","1","169"
"787","92","3","176"
"788","227","1","178"
"789","219","2","178"
"790","227","3","180"
"791","218","2","176"
"792","92","1","176"
"793","118","3","177"
"794","94","1","177"
"795","21","3","176"
"796","77","1","175"
"797","195","2","179"
"798","281","3","176"
"799","188","3","175"
"800","51","2","178"
"801","6","1","169"
"802","268","2","176"
"803","307","3","175"
"804","160","2","177"
"805","266","1","178"
"806","244","1","177"
"807","155","3","176"
"808","317","2","176"
"809","270","2","178"
"810","74","2","177"
"811","199","1","178"
"812","132","1","176"
"813","285","3","170"
"814","173","2","179"
"815","319","3","177"
"816","263","1","176"
"817","62","3","177"
"818","60","2","175"
"819","11","2","175"
"820","175","3","177"
"821","279","2","176"
"822","250","1","175"
"823","125","3","177"
"824","151","3","177"
"825","101","2","176"
"826","186","1","176"
"827","56","3","176"
"828","274","2","200"
"829","239","1","176"
"830","22","1","177"
"831","39","3","175"
"832","175","3","200"
"833","93","1","176"
"834","291","1","175"
"835","146","1","175"
"836","254","1","169"
"837","213","2","178"
"838","180","2","176"
"839","82","2","176"
"840","312","3","177"
"841","110","1","179"
"842","174","1","175"
"843","258","2","200"
"844","163","3","177"
"845","40","3","175"
"846","144","1","175"
"847","165","3","177"
"848","111","1","176"
"849","235","3","180"
"850","137","2","175"
"851","162","1","178"
"852","124","3","175"
"853","265","3","175"
"854","2","3","177"
"855","17","2","177"
"856","266","3","179"
"857","114","3","175"
"858","290","2","177"
"859","135","1","177"
"860","289","2","176"
"861","11","2","176"
"862","235","1","175"
"863","194","3","179"
"864","41","2","169"
"865","112","1","178"
"866","296","1","169"
"867","42","3","178"
"868","128","1","200"
"869","174","2","175"
"870","126","1","175"
"871","81","2","177"
"872","294","3","176"
"873","304","1","176"
"874","190","1","177"
"875","245","3","179"
"876","16","3","175"
"877","110","1","175"
"878","102","1","177"
"879","132","3","176"
"880","232","2","176"
"881","315","3","180"
"882","248","3","169"
"883","185","2","176"
"884","64","1","178"
"885","121","3","178"
"886","160","3","175"
"887","44","2","175"
"888","70","2","176"
"889","279","1","177"
"890","288","2","176"
"891","185","2","175"
"892","307","1","180"
"893","21","1","170"
"894","235","1","178"
"895","234","1","200"
"896","234","3","176"
"897","68","1","176"
"898","30","3","179"
"899","26","1","179"
"900","238","1","176"
"901","194","1","175"
"902","307","3","176"
"903","122","1","175"
"904","4","1","170"
"905","88","1","180"
"906","86","1","176"
"907","156","3","177"
"908","196","3","179"
"909","13","1","178"
"910","176","3","179"
"911","130","2","175"
"912","147","1","177"
"913","13","3","176"
"914","305","2","177"
"915","162","1","176"
"916","50","2","177"
"917","82","1","178"
"918","178","3","177"
"919","196","3","175"
"920","58","1","179"
"921","298","2","175"
"922","237","2","177"
"923","18","3","175"
"924","156","2","179"
"925","266","1","177"
"926","122","2","200"
"927","308","3","178"
"928","195","3","177"
"929","100","3","175"
"930","214","3","175"
"931","198","2","177"
"932","46","3","175"
"933","132","2","177"
"934","218","2","178"
"935","49","3","177"
"936","4","2","178"
"937","169","2","175"
"938","159","3","176"
"939","0","2","179"
"940","189","2","170"
"941","48","1","178"
"942","251","2","176"
"943","98","3","177"
"944","210","2","179"
"945","216","1","169"
"946","276","1","179"
"947","307","3","170"
"948","220","1","200"
"949","177","2","179"
"950","56","3","178"
"951","310","1","170"
"952","92","2","177"
"953","11","1","175"
"954","67","3","175"
"955","249","3","176"
"956","28","1","175"
"957","253","3","176"
"958","100","1","175"
"959","228","3","177"
"960","188","3","176"
"961","4","3","178"
"962","55","1","175"
"963","50","2","177"
"964","154","2","178"
"965","203","2","177"
"966","92","2","176"
"967","285","1","175"
"968","184","3","176"
"969","265","1","175"
"970","308","3","175"
"971","180","1","175"
"972","6","3","170"
"973","261","1","175"
"974","101","3","175"
"975","308","2","175"
"976","225","2","200"
"977","111","1","177"
"978","284","3","176"
"979","168","1","177"
"980","259","3","180"
"981","280","1","178"
"982","61","2","175"
"983","145","2","175"
"984","250","1","175"
"985","50","2","180"
"986","176","2","176"
"987","125","2","176"
"988","185","2","178"
"989","216","1","177"
"990","145","1","175"
"991","24","1","175"
"992","33","3","177"
"993","268","3","176"
"994","17","1","177"
"995","279","3","177"
"996","50","3","177"
"997","11","1","200"
"998","60","3","175"
"999","290","1","177"
"1000","142","3","177"
"1001","142","2","176"
"1002","286","3","175"
"1003","75","2","170"
"1004","214","1","178"
"1005","164","1","200"
"1006","159","3","177"
"1007","47","3","175"
"1008","16","1","176"
"1009","112","3","176"
"1010","202","1","175"
"1011","266","2","175"
"1012","179","2","176"
"1013","147","2","176"
"1014","66","2","175"
"1015","115","1","176"
"1016","250","3","180"
"1017","77","1","178"
"1018","207","3","175"
"1019","278","1","178"
"1020","64","2","175"
"1021","194","1","176"
"1022","19","3","175"
"1023","175","2","170"
"1024","231","2","175"
"1025","35","2","175"
"1026","308","2","176"
"1027","6","3","176"
"1028","30","1","178"
"1029","294","3","176"
"1030","171","1","175"
"1031","290","2","177"
"1032","284","2","176"
"1033","205","2","178"
"1034","222","1","176"
"1035","127","1","200"
"1036","283","3","177"
"1037","122","1","175"
"1038","121","3","175"
"1039","49","3","177"
"1040","216","3","169"
"1041","49","3","176"
"1042","71","1","177"
"1043","117","3","179"
"1044","154","3","169"
"1045","212","3","179"
"1046","244","3","180"
"1047","10","3","175"
"1048","175","1","178"
"1049","231","3","176"
"1050","136","3","175"
"1051","176","2","178"
"1052","64","3","175"
"1053","157","2","200"
"1054","225","1","176"
"1055","261","1","179"
"1056","236","3","175"
"1057","275","1","178"
"1058","60","3","178"
"1059","115","1","175"
"1060","71","1","179"
"1061","176","1","175"
"1062","238","3","169"
"1063","83","1","179"
"1064","59","2","170"
"1065","193","3","176"
"1066","221","3","176"
"1067","287","1","175"
"1068","8","1","200"
"1069","172","2","176"
"1070","223","2","177"
"1071","298","2","178"
"1072","287","2","177"
"1073","65","3","175"
"1074","241","2","176"
"1075","37","2","175"
"1076","72","1","176"
"1077","80","1","178"
"1078","123","3","177"
"1079","121","1","177"
"1080","58","3","179"
"1081","89","1","175"
"1082","103","1","179"
"1083","247","2","176"
"1084","310","1","177"
"1085","133","3","169"
"1086","27","2","177"
"1087","118","1","177"
"1088","12","2","177"
"1089","260","3","178"
"1090","140","2","169"
"1091","8","3","176"
"1092","129","1","176"
"1093","281","1","175"
"1094","231","2","177"
"1095","306","2","200"
"1096","152","2","179"
"1097","22","1","177"
"1098","126","3","175"
"1099","192","2","175"
"1100","235","1","176"
"1101","209","2","176"
"1102","55","3","176"
"1103","302","3","200"
"1104","144","1","178"
"1105","79","3","178"
"1106","21","3","177"
"1107","50","3","176"
"1108","149","3","176"
"1109","172","3","178"
"1110","303","1","177"
"1111","130","1","176"
"1112","84","3","175"
"1113","229","1","177"
"1114","303","3","176"
"1115","194","2","177"
"1116","77","3","178"
"1117","62","2","176"
"1118","78","1","177"
"1119","240","2","179"
"1120","119","1","176"
"1121","218","2","176"
"1122","319","1","177"
"1123","308","1","177"
"1124","139","2","175"
"1125","156","2","176"
"1126","202","3","175"
"1127","161","2","177"
"1128","118","3","177"
"1129","253","1","176"
"1130","288","2","178"
"1131","150","1","176"
"1132","17","3","176"
"1133","104","3","175"
"1134","130","3","176"
"1135","282","3","175"
"1136","186","2","177"
"1137","279","1","178"
"1138","36","3","176"
"1139","236","3","176"
"1140","56","1","176"
"1141","27","1","177"
"1142","245","1","175"
"1143","161","2","175"
"1144","113","3","176"
"1145","91","2","177"
"1146","131","2","178"
"1147","111","2","176"
"1148","224","2","177"
"1149","234","3","178"
"1150","81","2","169"
"1151","91","3","170"
"1152","267","1","176"
"1153","40","2","175"
"1154","103","2","180"
"1155","20","3","176"
"1156","119","3","175"
"1157","59","1","175"
"1158","158","2","176"
"1159","137","1","175"
"1160","154","3","175"
"1161","25","2","176"
"1162","162","1","175"
"1163","282","1","180"
"1164","11","1","179"
"1165","183","1","180"
"1166","233","1","180"
"1167","117","3","175"
"1168","314","1","170"
"1169","279","2","175"
"1170","94","3","175"
"1171","292","3","177"
"1172","217","2","176"
"1173","214","2","180"
"1174","111","2","169"
"1175","169","1","176"
"1176","130","3","200"
"1177","109","1","175"
"1178","140","1","176"
"1179","35","2","180"
"1180","230","3","177"
"1181","172","2","176"
"1182","104","2","176"
"1183","278","1","178"
"1184","122","3","176"
"1185","49","1","175"
"1186","24","3","176"
"1187","242","3","177"
"1188","175","2","179"
"1189","92","2","200"
"1190","150","2","178"
"1191","72","1","175"
"1192","13","2","169"
"1193","216","1","177"
"1194","8","2","177"
"1195","254","1","177"
"1196","218","3","179"
"1197","166","3","178"
"1198","310","1","177"
"1199","106","3","177"
"1200","179","3","178"
"1201","185","2","200"
"1202","35","3","178"
"1203","211","2","200"
"1204","294","3","177"
"1205","224","3","176"
"1206","196","3","178"
"1207","124","3","200"
"1208","263","1","175"
"1209","166","2","176"
"1210","138","1","177"
"1211","156","3","170"
"1212","10","1","176"
"1213","2","2","176"
"1214","121","2","177"
"1215","38","1","175"
"1216","140","1","175"
"1217","190","1","175"
"1218","292","1","177"
"1219","277","2","177"
"1220","256","2","175"
"1221","311","1","175"
"1222","226","3","178"
"1223","79","2","179"
"1224","182","1","176"
"1225","157","2","175"
"1226","206","1","179"
"1227","305","2","175"
"1228","138","1","177"
"1229","232","2","177"
"1230","71","1","177"
"1231","263","1","178"
"1232","30","1","177"
"1233","107","1","179"
"1234","250","1","200"
"1235","214","2","175"
"1236","276","2","176"
"1237","290","2","177"
"1238","166","2","178"
"1239","125","3","177"
"1240","36","3","177"
"1241","262","2","177"
"1242","121","3","180"
"1243","124","3","178"
"1244","24","1","200"
"1245","76","3","175"
"1246","163","2","176"
"1247","216","2","176"
"1248","29","2","177"
"1249","0","3","177"
"1250","185","2","176"
"1251","122","1","177"
"1252","252","1","180"
"1253","10","3","178"
"1254","124","2","175"
"1255","118","3","170"
"1256","271","3","175"
"1257","185","1","170"
"1258","273","2","180"
"1259","109","1","179"
"1260","273","2","175"
"1261","164","1","176"
"1262","239","1","177"
"1263","259","3","179"
"1264","174","1","177"
"1265","52","2","176"
"1266","308","3","180"
"1267","39","1","178"
"1268","51","1","176"
"1269","9","2","177"
"1270","43","1","200"
"1271","77","2","176"
"1272","307","3","175"
"1273","228","3","177"
"1274","32","3","175"
"1275","266","1","178"
"1276","38","2","175"
"1277","15","1","176"
"1278","259","1","177"
"1279","189","2","176"
"1280","263","3","176"
"1281","15","3","175"
"1282","135","1","175"
"1283","151","1","175"
"1284","304","1","177"
"1285","186","2","176"
"1286","60","2","177"
"1287","209","1","176"
"1288","295","3","177"
"1289","241","2","177"
"1290","8","2","176"
"1291","222","1","177"
"1292","186","2","169"
"1293","254","3","176"
"1294","290","2","177"
"1295","74","1","176"
"1296","195","3","176"
"1297","6","3","170"
"1298","49","2","177"
"1299","37","3","176"
"1300","255","3","178"
"1301","300","1","178"
"1302","4","3","177"
"1303","93","3","175"
"1304","78","1","176"
"1305","208","1","170"
"1306","95","2","200"
"1307","243","2","170"
"1308","133","2","177"
"1309","165","1","200"
"1310","116","2","179"
"1311","11","2","175"
"1312","149","1","175"
"1313","108","2","180"
"1314","192","1","200"
"1315","263","3","175"
"1316","163","3","175"
"1317","300","2","176"
"1318","226","1","177"
"1319","274","2","176"
"1320","59","3","175"
"1321","56","3","175"
"1322","38","1","176"
"1323","177","1","180"
"1324","244","3","176"
"1325","237","1","200"
"1326","315","2","176"
"1327","112","3","178"
"1328","206","2","177"
"1329","221","1","178"
"1330","304","3","176"
"1331","238","2","175"
"1332","279","2","176"
"1333","57","3","179"
"1334","238","3","175"
"1335","243","1","177"
"1336","250","1","177"
"1337","45","1","176"
"1338","89","1","175"
"1339","46","3","175"
"1340","135","3","200"
"1341","184","3","179"
"1342","60","2","175"
"1343","159","3","180"
"1344","142","3","178"
"1345","107","1","177"
"1346","96","3","177"
"1347","15","3","175"
"1348","299","3","176"
"1349","179","3","175"
"1350","0","2","175"
"1351","99","1","175"
"1352","253","1","178"
"1353","35","3","176"
"1354","21","1","176"
"1355","106","3","177"
"1356","293","1","177"
"1357","85","3","175"
"1358","84","2","180"
"1359","30","1","179"
"1360","58","3","178"
"1361","104","2","175"
"1362","305","2","175"
"1363","317","3","177"
"1364","43","1","175"
"1365","260","2","180"
"1366","60","2","170"
"1367","198","3","180"
"1368","245","2","176"
"1369","214","1","177"
"1370","190","1","176"
"1371","168","1","177"
"1372","145","3","175"
"1373","12","1","178"
"1374","186","1","176"
"1375","196","2","178"
"1376","87","2","177"
"1377","11","3","176"
"1378","178","1","176"
"1379","281","2","176"
"1380","202","2","175"
"1381","283","3","180"
"1382","289","2","175"
"1383","22","2","177"
"1384","133","1","177"
"1385","210","2","178"
"1386","316","3","176"
"1387","46","3","176"
"1388","125","3","178"
"1389","70","2","177"
"1390","159","2","178"
"1391","314","2","200"
"1392","273","2","177"
"1393","314","3","178"
"1394","44","3","177"
"1395","275","1","175"
"1396","121","1","176"
"1397","105","3","179"
"1398","131","3","179"
"1399","43","2","176"
"1400","237","2","176"
"1401","96","3","176"
"1402","255","1","170"
"1403","309","1","175"
"1404","81","1","175"
"1405","76","2","176"
"1406","314","2","176"
"1407","196","3","176"
"1408","42","1","175"
"1409","228","2","170"
"1410","45","3","178"
"1411","259","2","176"
"1412","149","2","169"
"1413","109","3","177"
"1414","314","3","177"
"1415","189","3","176"
"1416","205","3","177"
"1417","108","2","175"
"1418","248","3","179"
"1419","239","3","200"
"1420","113","3","175"
"1421","3","2","178"
"1422","92","3","176"
"1423","25","2","178"
"1424","7","1","176"
"1425","58","2","170"
"1426","154","3","179"
"1427","266","3","177"
"1428","275","3","176"
"1429","183","2","176"
"1430","290","2","169"
"1431","219","2","176"
"1432","161","2","178"
"1433","247","3","178"
"1434","215","3","175"
"1435","315","3","177"
"1436","123","3","175"
"1437","246","2","178"
"1438","213","3","177"
"1439","186","2","178"
"1440","290","3","177"
"1441","319","1","177"
"1442","223","1","175"
"1443","184","1","178"
"1444","11","2","175"
"1445","181","1","178"
"1446","174","2","176"
"1447","249","1","200"
"1448","159","2","176"
"1449","258","1","175"
"1450","298","3","170"
"1451","90","3","169"
"1452","234","1","175"
"1453","249","2","175"
"1454","156","3","176"
"1455","7","3","177"
"1456","150","3","178"
"1457","182","1","178"
"1458","148","3","176"
"1459","153","3","175"
"1460","105","1","176"
"1461","211","3","169"
"1462","313","1","175"
"1463","69","1","176"
"1464","40","2","177"
"1465","277","2","175"
"1466","219","2","179"
"1467","187","1","175"
"1468","180","3","175"
"1469","122","3","169"
"1470","6","3","178"
"1471","270","2","176"
"1472","176","2","175"
"1473","8","2","180"
"1474","189","1","200"
"1475","87","3","176"
"1476","88","3","176"
"1477","123","1","178"
"1478","309","3","169"
"1479","164","2","176"
"1480","157","2","178"
"1481","125","3","179"
"1482","186","1","179"
"1483","310","3","178"
"1484","124","2","178"
"1485","172","2","175"
"1486","265","2","175"
"1487","109","1","175"
"1488","152","1","177"
"1489","111","3","175"
"1490","91","3","176"
"1491","126","2","175"
"1492","57","2","178"
"1493","94","2","175"
"1494","245","2","176"
"1495","104","1","176"
"1496","305","2","176"
"1497","272","3","180"
"1498","5","1","176"
"1499","96","3","176"
"1500","224","3","175"
"1501","246","3","169"
"1502","304","3","175"
"1503","252","3","178"
"1504","160","1","175"
"1505","304","2","177"
"1506","263","1","176"
"1507","224","2","170"
"1508","88","3","176"
"1509","71","3","169"
"1510","191","1","177"
"1511","180","1","179"
"1512","252","3","176"
"1513","8","1","177"
"1514","192","1","177"
"1515","183","3","178"
"1516","74","1","176"
"1517","254","1","177"
"1518","61","1","180"
"1519","237","1","177"
"1520","174","2","179"
"1521","230","3","200"
"1522","214","2","170"
"1523","70","3","179"
"1524","49","3","178"
"1525","223","3","176"
"1526","183","2","176"
"1527","183","2","176"
"1528","185","1","176"
"1529","75","1","177"
"1530","223","3","178"
"1531","103","1","175"
"1532","63","3","176"
"1533","0","1","176"
"1534","13","3","175"
"1535","163","3","175"
"1536","184","2","177"
"1537","269","3","175"
"1538","286","2","175"
"1539","304","1","178"
"1540","235","2","200"
"1541","305","2","175"
"1542","14","2","176"
"1543","269","1","200"
"1544","272","2","175"
"1545","65","1","179"
"1546","220","3","176"
"1547","115","2","175"
"1548","272","2","170"
"1549","86","3","176"
"1550","319","1","177"
"1551","87","3","179"
"1552","236","2","200"
"1553","148","3","177"
"1554","315","2","175"
"1555","56","1","176"
"1556","218","1","176"
"1557","238","1","170"
"1558","191","2","175"
"1559","179","3","179"
"1560","36","2","177"
"1561","4","1","176"
"1562","217","3","176"
"1563","317","1","177"
"1564","287","1","176"
"1565","229","2","169"
"1566","213","1","176"
"1567","281","3","175"
"1568","123","1","175"
"1569","13","3","177"
"1570","277","3","175"
"1571","22","1","176"
"1572","307","1","178"
"1573","99","3","170"
"1574","231","2","170"
"1575","127","1","178"
"1576","283","1","177"
"1577","12","1","175"
"1578","6","3","177"
"1579","8","3","177"
"1580","162","2","177"
"1581","259","2","177"
"1582","85","2","178"
"1583","185","1","180"
"1584","295","2","169"
"1585","249","1","180"
"1586","86","1","170"
"1587","19","3","177"
"1588","216","3","177"
"1589","211","3","175"
"1590","183","2","169"
"1591","297","1","177"
"1592","113","1","175"
"1593","167","2","175"
"1594","149","3","180"
"1595","252","1","169"
"1596","216","1","176"
"1597","62","3","177"
"1598","263","2","175"
"1599","131","2","177"
"1600","291","2","169"
"1601","19","3","176"
"1602","133","2","180"
"1603","285","3","175"
"1604","286","1","177"
"1605","50","3","177"
"1606","305","3","175"
"1607","270","2","178"
"1608","302","3","176"
"1609","50","3","177"
"1610","228","1","176"
"1611","59","2","177"
"1612","116","3","175"
"1613","285","3","175"
"1614","291","2","176"
"1615","311","1","177"
"1616","315","3","179"
"1617","160","1","176"
"1618","150","3","178"
"1619","179","1","176"
"1620","211","3","177"
"1621","80","1","178"
"1622","120","3","178"
"1623","197","1","176"
"1624","175","3","177"
"1625","61","3","177"
"1626","93","1","175"
"1627","113","2","176"
"1628","57","2","170"
"1629","74","2","177"
"1630","281","2","178"
"1631","318","2","175"
"1632","290","2","169"
"1633","234","3","178"
"1634","239","1","176"
"1635","208","3","179"
"1636","274","3","177"
"1637","61","1","176"
"1638","319","2","175"
"1639","266","3","175"
"1640","257","1","178"
"1641","163","2","177"
"1642","32","3","176"
"1643","256","2","175"
"1644","240","3","179"
"1645","154","3","178"
"1646","32","1","179"
"1647","230","1","175"
"1648","72","2","179"
"1649","14","2","169"
"1650","77","1","176"
"1651","202","1","177"
"1652","89","1","169"
"1653","268","2","176"
"1654","236","3","175"
"1655","174","1","179"
"1656","13","2","170"
"1657","271","2","177"
"1658","216","3","175"
"1659","49","3","175"
"1660","312","3","178"
"1661","250","3","177"
"1662","62","3","177"
"1663","234","2","176"
"1664","77","2","200"
"1665","32","2","200"
"1666","87","1","178"
"1667","281","1","177"
"1668","38","3","176"
"1669","160","2","176"
"1670","272","2","178"
"1671","128","1","179"
"1672","58","2","177"
"1673","69","3","200"
"1674","113","1","179"
"1675","138","3","178"
"1676","14","1","200"
"1677","85","3","178"
"1678","309","1","177"
"1679","242","1","178"
"1680","76","3","175"
"1681","272","3","175"
"1682","246","3","176"
"1683","167","2","178"
"1684","233","3","200"
"1685","30","3","200"
"1686","268","1","170"
"1687","128","2","176"
"1688","134","3","176"
"1689","40","3","177"
"1690","80","3","176"
"1691","103","1","176"
"1692","210","1","180"
"1693","220","2","177"
"1694","189","2","170"
"1695","215","2","177"
"1696","33","3","175"
"1697","165","1","177"
"1698","243","3","175"
"1699","294","1","170"
"1700","81","3","178"
"1701","33","3","178"
"1702","242","2","175"
"1703","148","3","175"
"1704","109","1","176"
"1705","148","1","176"
"1706","253","2","178"
"1707","167","3","175"
"1708","121","2","178"
"1709","4","1","178"
"1710","231","3","175"
"1711","289","2","176"
"1712","96","1","180"
"1713","308","2","176"
"1714","291","2","176"
"1715","163","1","178"
"1716","124","2","178"
"1717","104","2","175"
"1718","175","3","177"
"1719","238","3","175"
"1720","312","1","175"
"1721","106","1","177"
"1722","181","1","170"
"1723","243","1","179"
"1724","254","3","176"
"1725","22","2","175"
"1726","251","1","176"
"1727","224","2","169"
"1728","243","3","178"
"1729","271","3","177"
"1730","273","1","200"
"1731","69","2","180"
"1732","273","2","179"
"1733","165","2","175"
"1734","193","1","177"
"1735","279","3","176"
"1736","87","1","176"
"1737","154","3","176"
"1738","108","3","178"
"1739","203","1","176"
"1740","202","2","177"
"1741","30","2","176"
"1742","115","3","177"
"1743","215","2","176"
"1744","140","1","176"
"1745","128","2","169"
"1746","48","3","175"
"1747","154","2","178"
"1748","262","1","180"
"1749","286","2","175"
"1750","242","1","175"
"1751","245","2","178"
"1752","15","3","177"
"1753","188","1","178"
"1754","128","2","176"
"1755","70","3","179"
"1756","163","2","175"
"1757","79","2","179"
"1758","81","1","176"
"1759","27","1","176"
"1760","192","3","176"
"1761","110","3","176"
"1762","68","3","180"
"1763","203","3","177"
"1764","35","3","177"
"1765","11","1","176"
"1766","124","2","170"
"1767","144","3","176"
"1768","191","3","177"
"1769","35","2","176"
"1770","143","1","175"
"1771","233","1","178"
"1772","157","2","178"
"1773","317","3","177"
"1774","62","2","177"
"1775","230","3","176"
"1776","42","2","169"
"1777","155","2","177"
"1778","104","2","175"
"1779","142","1","169"
"1780","7","1","200"
"1781","148","1","169"
"1782","107","2","178"
"1783","250","1","178"
"1784","292","1","177"
"1785","225","2","176"
"1786","36","1","177"
"1787","290","3","179"
"1788","14","2","178"
"1789","139","2","177"
"1790","5","1","175"
"1791","22","3","178"
"1792","13","2","177"
"1793","308","2","177"
"1794","123","2","177"
"1795","114","2","175"
"1796","178","1","176"
"1797","90","2","170"
"1798","171","3","176"
"1799","122","1","178"
"1800","255","2","176"
"1801","124","2","175"
"1802","255","1","200"
"1803","87","3","177"
"1804","148","1","170"
"1805","156","1","169"
"1806","169","1","176"
"1807","208","1","176"
"1808","316","3","170"
"1809","66","2","177"
"1810","198","1","177"
"1811","36","2","178"
"1812","111","3","179"
"1813","103","3","170"
"1814","209","1","175"
"1815","70","1","177"
"1816","78","1","179"
"1817","116","3","176"
"1818","184","2","175"
"1819","274","2","177"
"1820","0","1","176"
"1821","17","2","176"
"1822","63","3","170"
"1823","282","1","180"
"1824","252","2","175"
"1825","83","3","177"
"1826","259","3","177"
"1827","87","1","169"
"1828","144","1","175"
"1829","29","2","179"
"1830","259","3","176"
"1831","130","1","178"
"1832","22","1","175"
"1833","95","1","175"
"1834","66","2","176"
"1835","257","2","175"
"1836","120","2","176"
"1837","254","2","175"
"1838","150","1","177"
"1839","99","3","176"
"1840","280","3","170"
"1841","205","1","179"
"1842","250","3","177"
"1843","171","1","169"
"1844","112","3","176"
"1845","180","3","176"
"1846","156","1","178"
"1847","11","3","179"
"1848","70","1","177"
"1849","130","2","169"
"1850","16","1","177"
"1851","81","3","177"
"1852","73","3","177"
"1853","215","2","176"
"1854","104","2","176"
"1855","203","3","176"
"1856","246","2","175"
"1857","246","2","177"
"1858","235","1","177"
"1859","64","3","176"
"1860","101","2","176"
"1861","288","3","176"
"1862","200","2","176"
"1863","289","2","177"
"1864","256","2","180"
"1865","276","3","175"
"1866","182","3","176"
"1867","229","2","177"
"1868","108","2","175"
"1869","183","3","176"
"1870","317","1","176"
"1871","251","1","175"
"1872","254","1","176"
"1873","225","3","176"
"1874","40","3","176"
"1875","89","3","177"
"1876","235","1","175"
"1877","200","3","175"
"1878","76","3","178"
"1879","43","1","178"
"1880","165","3","169"
"1881","35","3","176"
"1882","173","1","175"
"1883","88","2","176"
"1884","231","2","179"
"1885","251","1","176"
"1886","216","2","170"
"1887","102","3","178"
"1888","105","1","177"
"1889","53","1","176"
"1890","158","2","177"
"1891","246","1","176"
"1892","297","3","179"
"1893","234","3","176"
"1894","155","2","176"
"1895","317","3","180"
"1896","252","2","180"
"1897","66","1","179"
"1898","258","1","176"
"1899","134","2","175"
"1900","54","1","176"
"1901","239","1","175"
"1902","164","3","170"
"1903","20","2","176"
"1904","78","2","175"
"1905","175","3","179"
"1906","226","1","175"
"1907","250","3","177"
"1908","14","1","200"
"1909","298","1","177"
"1910","117","3","177"
"1911","277","2","179"
"1912","108","2","177"
"1913","284","2","169"
"1914","302","2","177"
"1915","268","3","175"
"1916","289","1","177"
"1917","304","2","175"
"1918","154","2","177"
"1919","47","1","176"
"1920","126","3","177"
"1921","276","1","175"
"1922","106","1","176"
"1923","94","2","175"
"1924","229","1","176"
"1925","148","3","170"
"1926","215","2","175"
"1927","222","3","180"
"1928","66","1","177"
"1929","180","2","178"
"1930","197","3","178"
"1931","183","2","177"
"1932","235","2","175"
"1933","243","3","177"
"1934","103","3","177"
"1935","64","3","176"
"1936","38","1","170"
"1937","176","1","177"
"1938","195","2","176"
"1939","116","3","179"
"1940","292","1","177"
"1941","163","1","175"
"1942","71","3","176"
"1943","292","3","177"
"1944","285","1","169"
"1945","266","2","176"
"1946","74","3","170"
"1947","79","1","175"
"1948","52","1","177"
"1949","100","3","176"
"1950","187","1","175"
"1951","225","3","177"
"1952","146","1","176"
"1953","122","3","178"
"1954","65","1","175"
"1955","23","2","178"
"1956","184","3","179"
"1957","263","1","177"
"1958","263","2","176"
"1959","275","3","175"
"1960","34","3","179"
"1961","169","2","175"
"1962","251","2","178"
"1963","109","3","175"
"1964","36","1","176"
"1965","271","2","175"
"1966","115","1","180"
"1967","228","3","177"
"1968","8","2","178"
"1969","266","3","180"
"1970","257","3","170"
"1971","49","2","176"
"1972","85","3","180"
"1973","180","2","175"
"1974","273","2","178"
"1975","309","2","178"
"1976","208","3","179"
"1977","201","3","175"
"1978","38","1","178"
"1979","5","2","176"
"1980","286","3","177"
"1981","315","2","178"
"1982","49","3","176"
"1983","223","2","176"
"1984","260","1","177"
"1985","57","3","177"
"1986","137","2","176"
"1987","73","1","176"
"1988","58","3","177"
"1989","199","3","177"
"1990","114","3","178"
"1991","274","1","176"
"1992","250","1","175"
"1993","295","2","176"
"1994","172","1","177"
"1995","84","2","169"
"1996","129","1","177"
"1997","232","2","200"
"1998","91","1","178"
"1999","287","2","178"
"2000","217","2","177"
"2001","155","1","176"
"2002","129","1","176"
"2003","271","3","179"
"2004","140","1","178"
"2005","59","2","175"
"2006","186","2","200"
"2007","306","2","176"
"2008","179","1","176"
"2009","310","2","176"
"2010","78","1","175"
"2011","271","3","176"
"2012","275","2","175"
"2013","237","1","170"
"2014","201","2","179"
"2015","161","3","200"
"2016","166","2","175"
"2017","306","2","179"
"2018","142","2","176"
"2019","5","2","178"
"2020","302","1","177"
"2021","256","2","175"
"2022","83","2","176"
"2023","265","3","175"
"2024","203","1","176"
"2025","66","3","176"
"2026","215","2","178"
"2027","13","1","175"
"2028","67","3","177"
"2029","276","1","176"
"2030","53","2","175"
"2031","81","1","175"
"2032","235","2","169"
"2033","94","1","170"
"2034","288","3","177"
"2035","181","3","177"
"2036","175","2","176"
"2037","78","2","180"
"2038","267","3","175"
"2039","6","3","176"
"2040","123","1","176"
"2041","118","2","175"
"2042","72","1","175"
"2043","148","3","179"
"2044","143","3","176"
"2045","317","3","177"
"2046","0","1","178"
"2047","220","2","177"
"2048","41","1","177"
"2049","251","2","169"
"2050","26","1","175"
"2051","127","1","176"
"2052","73","1","177"
"2053","129","3","180"
"2054","194","3","177"
"2055","289","1","175"
"2056","8","1","180"
"2057","114","3","178"
"2058","2","1","175"
"2059","116","1","170"
"2060","157","2","176"
"2061","80","2","175"
"2062","33","3","176"
"2063","93","1","176"
"2064","99","3","177"
"2065","168","1","169"
"2066","112","2","175"
"2067","154","3","176"
"2068","30","2","170"
"2069","41","1","170"
"2070","88","2","175"
"2071","43","3","176"
"2072","79","2","177"
"2073","277","2","175"
"2074","141","3","177"
"2075","11","1","175"
"2076","3","2","175"
"2077","154","2","178"
"2078","59","1","175"
"2079","310","3","176"
"2080","276","3","200"
"2081","173","3","169"
"2082","59","2","176"
"2083","125","3","177"
"2084","75","2","175"
"2085","261","3","175"
"2086","56","3","176"
"2087","122","2","179"
"2088","292","3","175"
"2089","208","3","200"
"2090","300","2","180"
"2091","233","3","176"
"2092","70","2","177"
"2093","67","3","176"
"2094","201","2","179"
"2095","23","1","176"
"2096","186","3","177"
"2097","7","3","180"
"2098","116","2","177"
"2099","175","3","178"
"2100","288","2","175"
"2101","20","2","176"
"2102","111","3","176"
"2103","109","3","178"
"2104","278","2","175"
"2105","279","1","177"
"2106","30","1","175"
"2107","6","3","175"
"2108","315","2","170"
"2109","154","3","176"
"2110","213","3","169"
"2111","301","2","177"
"2112","139","3","177"
"2113","20","1","175"
"2114","131","3","175"
"2115","307","2","177"
"2116","46","3","176"
"2117","158","2","170"
"2118","308","1","176"
"2119","166","2","176"
"2120","291","2","179"
"2121","302","1","177"
"2122","279","1","179"
"2123","31","3","176"
"2124","12","1","175"
"2125","261","3","177"
"2126","145","1","180"
"2127","251","1","178"
"2128","108","2","177"
"2129","68","1","177"
"2130","1","3","176"
"2131","282","1","177"
"2132","192","2","177"
"2133","9","3","176"
"2134","147","1","170"
"2135","101","3","178"
"2136","105","3","178"
"2137","145","1","176"
"2138","90","2","200"
"2139","22","2","177"
"2140","178","1","175"
"2141","260","2","176"
"2142","305","1","175"
"2143","221","1","178"
"2144","32","3","175"
"2145","310","3","170"
"2146","102","3","180"
"2147","31","3","175"
"2148","49","2","176"
"2149","7","2","170"
"2150","46","2","175"
"2151","118","3","177"
"2152","300","2","170"
"2153","167","3","178"
"2154","295","1","176"
"2155","123","3","177"
"2156","265","1","170"
"2157","319","3","179"
"2158","190","3","176"
"2159","163","2","175"
"2160","310","3","178"
"2161","287","2","178"
"2162","52","2","177"
"2163","59","1","178"
"2164","251","1","169"
"2165","17","1","176"
"2166","0","3","177"
"2167","3","1","175"
"2168","121","3","176"
"2169","319","2","179"
"2170","151","3","177"
"2171","26","2","177"
"2172","39","1","169"
"2173","71","2","200"
"2174","65","3","179"
"2175","156","2","176"
"2176","202","2","177"
"2177","48","2","175"
"2178","234","3","177"
"2179","201","2","180"
"2180","192","3","178"
"2181","228","3","169"
"2182","103","1","177"
"2183","134","1","178"
"2184","187","1","175"
"2185","23","1","170"
"2186","203","2","179"
"2187","15","1","176"
"2188","106","2","175"
"2189","79","2","175"
"2190","146","1","179"
"2191","271","1","176"
"2192","270","3","177"
"2193","84","2","175"
"2194","292","3","170"
"2195","194","2","175"
"2196","44","3","176"
"2197","133","1","176"
"2198","295","2","177"
"2199","199","1","169"
"2200","303","3","176"
"2201","105","3","175"
"2202","35","2","177"
"2203","128","2","175"
"2204","33","1","176"
"2205","257","3","178"
"2206","41","1","170"
"2207","97","2","177"
"2208","229","3","177"
"2209","314","1","176"
"2210","18","2","177"
"2211","108","2","177"
"2212","201","1","176"
"2213","85","3","175"
"2214","135","3","179"
"2215","172","3","177"
"2216","111","2","177"
"2217","116","1","175"
"2218","313","3","176"
"2219","175","3","176"
"2220","87","1","180"
"2221","284","1","176"
"2222","152","3","177"
"2223","135","3","200"
"2224","284","3","176"
"2225","257","2","177"
"2226","59","2","177"
"2227","228","2","177"
"2228","207","1","176"
"2229","250","3","180"
"2230","201","2","175"
"2231","44","2","177"
"2232","94","1","175"
"2233","308","3","200"
"2234","250","2","176"
"2235","295","3","175"
"2236","88","1","178"
"2237","99","2","177"
"2238","84","1","176"
"2239","7","1","169"
